warehouse_id,total_stock,total_inventory_value,avg_reorder_level,avg_safety_stock
WH003,5792438,420797049.3673962,274.8869,164.4228
WH001,5942505,504853882.5454289,275.4595,160.6147
WH004,5831135,488104454.3248112,273.9525,159.9948
WH002,5739077,440105620.219386,273.6582,162.0662
